<?xml version="1.0" encoding="UTF-8"?>
<model package="sendit" baseClass="xPDOObject" platform="mysql" defaultEngine="MyISAM" version="1.1">
	<object class="siSession" table="si_sessions" extends="xPDOSimpleObject">
		<field key="session_id" dbtype="varchar" precision="100" phptype="string" null="false" index="index" />
		<field key="class_name" dbtype="varchar" precision="100" phptype="string" null="false" />
		<field key="data" dbtype="json" phptype="string" null="true" />
		<field key="createdon" dbtype="datetime" phptype="datetime" null="false" index="index" />

		<index alias="app_session" name="app_session" primary="false" unique="true" type="BTREE" >
			<column key="session_id" length="" collation="A" null="false" />
			<column key="class_name" length="" collation="A" null="false" />
		</index>
		<index alias="createdon" name="createdon" primary="false" unique="false" type="BTREE" >
			<column key="createdon" length="" collation="A" null="false" />
		</index>
	</object>
</model>
